Supplier,Default category,Other categories,Count,Last date
Accessoteur Inc,Advertising and publicity,,2,2021-03-12
AirBnB,Travel,,1,2021-08-27
Amazon,Office supplies,Haberdashery,2,2018-11-16
Amazon.com,Office supplies,Office equipment;Haberdashery;Books and publications;Stationery,70,2026-06-10
American Airlines,Travel,,4,2023-03-28
Anna Gaffney,Sales,,5,2021-12-06
Apple,Internet services,Office supplies,9,2021-07-17
Apsara Silk,Fabric,,1,2020-02-15
Association for Wedding Professionals International,Professional membership,,1,2021-07-13
Atelier Lux,Machinist,,13,2018-12-24
Atlas Trimming,Haberdashery,,1,2021-12-15
August 5th Studio,Advertising and publicity,,1,2021-03-01
Avant Garde Fusion,Advertising and publicity,,2,2025-05-29
B Inspired,Books and publications,,1,2019-01-29
B&J Fabrics Inc,Fabric,,17,2024-08-19
B&Q Trimmings,Haberdashery,,1,2022-08-01
Bahamas Taxi,Travel,,2,2018-09-27
"Bed, Bath and Beyond",Office supplies,,1,2019-05-26
Belmand Villa San Michele,Advertising and publicity,,1,2020-02-10
Berenstein & Son Inc,Fabric,,3,2021-07-30
Betterchoice Fabrics,Fabric,,4,2023-09-06
Biberk Insurance,Insurance,,13,2025-02-03
Blick,Office supplies,,2,2021-05-31
Blick Art Materials,Office supplies,Stationery,2,2021-08-19
Blikis Sulley African Fabric,Fabric,,1,2019-10-01
Blue Star Silk,Fabric,,1,2020-07-09
Boothpop,Advertising and publicity,,1,2021-07-22
Botani Trimmings Inc,Haberdashery,,1,2017-07-21
Bridal Circle Inc,Advertising and publicity,,1,2018-11-23
Bridal Fabrics,Fabric,,1,2019-08-23
British Airways,Travel,,2,2023-09-04
Brocade Creations Inc,Haberdashery,,1,2021-07-29
Buyers Bespoke Supply Co,Office equipment,,1,2019-04-27
C&C Button Inc,Haberdashery,,20,2023-10-20
C&J Textiles Inc,Fabric,,5,2022-08-15
Calamo Silk Inc,Fabric,,2,2021-07-20
Capital One,Bank charges,,42,2026-03-31
CFDA,Professional membership,,1,2021-09-17
Chateau Grand,Travel,,1,2024-01-05
Cheap Fare Guru,Travel,,1,2023-03-04
Classy Fit Design Studio,Contractor,,7,2024-01-12
Colombia Opticians,Office supplies,,1,2019-05-30
Coterie Retreat,Advertising and publicity,,7,2020-03-08
Crown Services,Office equipment,,2,2018-05-12
CSA Travel Protection,Travel,,1,2017-12-28
Dani Simone,Consulting,,1,2021-03-11
Day to day textile,Fabric,,1,2019-03-11
Daytona Trimming,Haberdashery,,16,2024-03-01
Dean St Society.com,Education,,1,2019-02-01
Debbie Ade,Advertising and publicity,,1,2021-10-08
Delta,Travel,,6,2021-07-09
Delta Airlines,Travel,,3,2023-06-29
Department of Taxation and Finance,Tax,,1,2018-11-18
DGHB Shop.com,Office supplies,,1,2020-08-18
DHJ Waisters,Fabric,,1,2020-02-27
Diana Fabrics,Fabric,,25,2022-05-10
DMC Fashion Fabrics USA,Fabric,,14,2025-06-05
Doreen Chambers Interior,Office supplies,,1,2021-07-01
Downtown Hardware,Office supplies,,1,2017-06-25
Duane Reede,Office supplies,,4,2022-07-15
Dumbo Hardware,Office supplies,,1,2020-11-04
Dunkin Donuts,Office supplies,,1,2018-08-13
Easygift,Advertising and publicity,,1,2021-06-13
EBK Events,Advertising and publicity,,2,2018-08-28
EllyB Events Inc,Advertising and publicity,,4,2017-10-03
Ennui New York,Machinist,,2,2021-12-01
Envato Pty Ltd,Advertising and publicity,,1,2020-04-15
Etsy,Haberdashery,,1,2023-05-15
Eventbrite,Advertising and publicity,,1,2025-04-04
Exclusive Fabrics,Fabric,,34,2023-01-09
Extra Space,Office supplies,,56,2025-05-17
Fabric Garden,Fabric,,2,2018-04-24
Fabric38 Inc,Fabric,,1,2023-07-10
FabricHouse Inc,Fabric,,37,2025-02-10
Fabrics and Fabrics,Fabric,,1,2018-11-26
Fabricsutra,Fabric,,3,2021-12-13
Fabricsworld USA,Fabric,,1,2016-10-27
Facebook,Advertising and publicity,,6,2021-10-28
FAI Trim and Feathers,Haberdashery,,1,2022-04-11
Fashion Fabrics USA,Fabric,,1,2024-05-02
Fashion Workie,Advertising and publicity,,2,2017-04-12
Feathercraft20,Haberdashery,,2,2020-05-22
Fedex,Postage,,22,2024-06-13
Four Points by Sheraton,Travel,,1,2023-03-26
Four Seasons Atlanta,Advertising and publicity,,1,2020-02-17
Four Seasons Resort Punta Mita,Travel,,1,2023-08-24
Franklin Thompson,Advertising and publicity,,1,2021-04-01
Fromyouflowers.com,Advertising and publicity,,1,2020-05-19
Garment Racks etc,Office supplies,,1,2019-09-23
Global Express,Postage,,3,2022-08-12
Global News Inc,Books and publications,,1,2022-04-02
Global Royal Fabrics,Fabric,,2,2023-09-18
GoDaddy,Internet services,,17,2025-04-28
Golden Bridge Cleaners,Dry cleaning,,9,2024-08-12
Goldstar Tool,Office supplies,,2,2024-04-25
Grand Hyatt Baha Mar,Advertising and publicity,,1,2019-12-06
Greyhound,Travel,,1,2018-08-07
Guide Fabrics,Fabric,Haberdashery,17,2026-06-12
HAI Trim and Feathers,Haberdashery,,8,2024-09-24
Hamilton Princess and Beach Club,Advertising and publicity,,1,2018-12-08
Hashtag Expert,Advertising and publicity,,1,2020-06-16
Hiscox,Insurance,,1,2023-06-18
Honeybook,Software,,3,2023-08-28
Hoop Skirts Inc,Haberdashery,,1,2019-05-21
HopHouse Harlem,Entertainment,,1,2017-04-26
Hotel Catalonia,Travel,,1,2018-09-21
Inner Circle Experience,Advertising and publicity,,4,2020-02-10
Inverstones Llers,Travel,,2,2018-09-22
Jaterah Brown,Advertising and publicity,,1,2020-08-27
JetBlue,Travel,,5,2018-08-27
Jiraphat Ampawan,Advertising and publicity,,1,2020-08-27
Joyce Trimming Inc,Haberdashery,,2,2020-05-12
Julia Taylor,Machinist,,2,2019-09-24
K Rodriguez,Machinist,,4,2019-09-28
Kamens and Associates,Accountancy,,1,2016-11-11
Keyaira N Boone,Advertising and publicity,,2,2018-01-15
Kosibah Creations Ltd,Rental,,15,2024-12-03
Lace Fabric Store,Haberdashery,,3,2020-05-22
Lauren Dallas Creator Hub,Education,,2,2025-11-04
Lauren Trimming Inc,Haberdashery,,1,2018-07-10
LD Creations,Advertising and publicity,,1,2021-04-04
LND Express,Office supplies,,2,2021-08-16
LNK Bio,Advertising and publicity,,1,2022-01-13
Long Island Railroad,Travel,,4,2019-12-20
M&J Trim,Haberdashery,,4,2023-04-07
Macy's,Office supplies,,1,2019-01-05
Maison Harlem,Entertainment,,1,2018-09-19
Manex France Display,Advertising and publicity,,1,2020-02-13
Medident Supplies,Office supplies,,1,2020-05-29
MLM Represents,Advertising and publicity,,7,2021-09-02
Modest Fashion,Haberdashery,,1,2022-02-08
Mohdrashidim,Fabric,,1,2022-01-07
Mood,Fabric,Haberdashery,27,2026-05-07
Morplan,Haberdashery,,1,2019-10-16
MTA NYC Transit,Travel,,2,2018-08-14
Munaluchi,Advertising and publicity,Books and publications;Office supplies,120,2026-05-29
National Bridal Market Chicago,Advertising and publicity,,2,2021-07-16
National Society of Black Wedding and Event Professionals,Advertising and publicity,Professional membership,8,2025-05-06
New Alpha Drycleaners,Dry cleaning,,2,2018-04-23
NGLCC NY,Professional membership,,1,2020-06-12
NJ Transit,Travel,,3,2019-09-08
NMA Glamworld,Haberdashery,,2,2020-05-27
NY Trimart,Fabric,Travel,6,2023-09-21
Oda Creative,Advertising and publicity,Internet services,4,2018-06-22
Office Depot,Office supplies,,1,2017-07-14
Ole and Steen,Entertainment,,1,2020-11-19
One Dollar Depot,Stationery,,1,2016-10-12
One Model Management,Advertising and publicity,,1,2021-03-10
Pacific Trimming,Haberdashery,,68,2026-06-12
Palace Restaurant,Entertainment,,1,2019-09-30
Panda International,Haberdashery,,2,2020-08-25
Party Waiters LLC,Advertising and publicity,,1,2021-06-15
Pasari Textiles,Fabric,,1,2019-05-28
Pay.Gov,SBA Loan Repayment,,1,2023-01-25
Payton Holbrook,Advertising and publicity,,1,2020-08-28
Popular Pattern Grading & Marker Inc,Machinist,,1,2021-11-30
Preview Textiles LLC,Fabric,,12,2023-10-13
Pullquest Inc,Advertising and publicity,,1,2021-02-25
Quality Lace,Fabric,,2,2019-08-21
RBGQ Enterprise Ltd,Office supplies,,1,2022-06-04
Reginaldo Michelon,Machinist,Pattern maker,2,2022-05-17
Reliable Factory Supply,Office supplies,,1,2018-01-30
Rise Sport Sourcing Dept,Legal,,1,2021-04-17
Rock Paper Coin,Bank charges,,1,2025-03-27
Ryman Stationery,Stationery,Office supplies,5,2024-01-19
Savemor,Advertising and publicity,,1,2021-06-21
Schneeman and Studio Limited,Machinist,,4,2017-06-19
Seth Kamens,Accountancy,,2,2017-01-13
Shawn Punch,Advertising and publicity,,1,2021-10-08
Siarhei Piatrosau,Advertising and publicity,,1,2021-07-12
Sign11.com,Advertising and publicity,,1,2018-09-04
SIL Thread Inc,Haberdashery,,64,2024-08-21
Simply Charessa,Advertising and publicity,,1,2021-01-14
Simply Nia Design,Advertising and publicity,,1,2021-03-05
Singer,Office equipment,,1,2016-10-05
SP Greepoint Knifebus,Office supplies,,1,2025-05-21
Sposabella Lace,Fabric,,5,2018-11-27
Stacy Robinson,Advertising and publicity,,1,2021-10-11
Staples,Stationery,Office supplies,36,2021-08-21
Star Fabric Inc,Fabric,,1,2018-06-20
Star Snaps,Haberdashery,,22,2025-07-10
Starbucks,Entertainment,,1,2019-12-20
Starbucks Bahamas,Travel,,1,2018-09-27
Starsnaps NYC,Haberdashery,,4,2018-03-12
Steinlauf & Stoller,Haberdashery,,2,2016-11-11
Sticker Giant,Advertising and publicity,,1,2021-06-15
Studio Fourty-four Design Group Ltd,Machinist,,6,2023-11-10
Stylish Fabric,Fabric,,2,2017-08-28
T-Mobile,Telephone,,80,2026-05-29
Ta-osh Skin Nhudes,Fabric,,2,2023-09-28
Ta-osh Skin Tone Fabrics,Fabric,,2,2021-08-02
Tal Studio,Advertising and publicity,,1,2021-09-02
Tatiana Salon,Education,,1,2018-10-20
Tessitura Carlo Valli,Fabric,,1,2022-03-22
The Bridal Council,Professional membership,,1,2021-02-17
The National Society of Black Wedding and Event Professionals,Advertising and publicity,,1,2022-04-06
"The Ocean Club, Bahamas",Travel,,1,2018-09-27
Tinika Sadiku,Advertising and publicity,,1,2019-09-11
Titania,Machinist,,2,2017-07-17
Toho Shoji (New York) Inc,Haberdashery,,3,2021-09-23
Trap Fabriks,Fabric,,2,2020-05-20
Trimart,Haberdashery,,1,2022-01-10
Uber,Travel,,102,2023-11-03
Uniform NYC,Machinist,,3,2021-11-29
Union Square Couture,Advertising and publicity,,2,2021-10-04
United Airlines,Travel,,3,2018-01-10
United Hardware,Office supplies,,1,2019-06-24
UPS,Postage,,21,2022-08-16
UPSP,Postage,,1,2020-06-17
USPS,Postage,,19,2025-12-11
V. Villi,Machinist,,2,2020-08-27
Vadim Fabrics LLC,Fabric,,1,2023-08-28
Vainglorious Brides by Selena Howard,Commission,,1,2017-03-20
Vardhman Inc,Haberdashery,Fabric,4,2021-12-14
Vimeo,Advertising and publicity,,1,2020-10-05
Virgin Atlantic,Travel,,6,2017-11-13
Vogue,Advertising and publicity,,1,2020-10-20
Wang Kunlun,Office supplies,,1,2018-08-24
Wangsheng,Fabric,,2,2019-07-12
Wawak Sewing,Haberdashery,Office supplies,31,2024-03-21
Wedding Academy,Education,,1,2021-01-03
Wedding Chicks,Advertising and publicity,,1,2021-07-21
Wednesday 66,Advertising and publicity,,1,2023-05-24
Wholefoods,Office supplies,,1,2020-02-08
Wilhelmina International Inc,Advertising and publicity,,1,2021-03-12
William Gee,Haberdashery,Fabric,3,2022-07-06
WIPA,Advertising and publicity,,1,2022-10-17
Wordpress.com,Internet services,,6,2026-03-30
World Bride Magazine,Advertising and publicity,,1,2021-05-15
Y Cepeda,Machinist,,4,2025-03-26
Y Cepedea,Machinist,,1,2024-01-12
Yali,Machinist,,1,2024-03-20
Zara,Office supplies,,2,2018-08-25
Zoom,Office supplies,,4,2026-01-28
